Workbook

Sheet zestawienie
A1: stacja | B1: ilość | C1: długość | D1: kontrola
A2: 03-0494 | B2: =COUNTA('03-0494'!A:A)-1 -> 39 | C2: =SUM('03-0494'!D:D) -> 1640 | D2: 1 błędów, 2 uwag
A3: 03-0495 | B3: =COUNTA('03-0495'!A:A)-1 -> 67 | C3: =SUM('03-0495'!D:D) -> 2755 | D3: 7 błędów, 7 uwag
A4: 03-0496 | B4: =COUNTA('03-0496'!A:A)-1 -> 25 | C4: =SUM('03-0496'!D:D) -> 927 | D4: 1 uwag
A5: 03-0497 | B5: =COUNTA('03-0497'!A:A)-1 -> 8 | C5: =SUM('03-0497'!D:D) -> 285 | D5: 2 błędów, 1 uwag
A6: 03-0541 | B6: =COUNTA('03-0541'!A:A)-1 -> 11 | C6: =SUM('03-0541'!D:D) -> 380 | D6: 1 błędów
A7: 03-0664 | B7: =COUNTA('03-0664'!A:A)-1 -> 14 | C7: =SUM('03-0664'!D:D) -> 426 | D7: 2 błędów, 4 uwag
A8: 03-1233 | B8: =COUNTA('03-1233'!A:A)-1 -> 90 | C8: =SUM('03-1233'!D:D) -> 3216 | D8: 46 błędów, 16 uwag
A9: 03-1250 | B9: =COUNTA('03-1250'!A:A)-1 -> 17 | C9: =SUM('03-1250'!D:D) -> 837 | D9: 5 błędów, 15 uwag
A10: 03-1336 | B10: =COUNTA('03-1336'!A:A)-1 -> 3 | C10: =SUM('03-1336'!D:D) -> 85 | D10: OK
A11: 03-1341 | B11: =COUNTA('03-1341'!A:A)-1 -> 18 | C11: =SUM('03-1341'!D:D) -> 847 | D11: 9 błędów, 18 uwag
A12: 03-1439 | B12: =COUNTA('03-1439'!A:A)-1 -> 13 | C12: =SUM('03-1439'!D:D) -> 416 | D12: 2 błędów
A13: RAZEM | B13: =SUM(B2:B12) -> 305 | C13: =SUM(C2:C12) -> 11814 | D13: patrz arkusz "kontrola"

Sheet kontrola
A1: Poziom | B1: Stacja | C1: Obwód | D1: Nr słupa | E1: Opis | F1: X | G1: Y
A2: BŁĄD | B2: 03-0494 | C2: 1 | D2: 7 | E2: Dwa różne wymiary (53 m i 55 m) między słupem nr 7 a nr 6. | F2: 7526241.4 | G2: 5787129.8
A3: BŁĄD | B3: 03-0495 | C3: 1 | D3: 12 | E3: Brak wymiaru do słupa nr 11 - odległość 29 m zmierzona z rysunku (dorysuj wymiar). | F3: 7527013.5 | G3: 5787474.7
A4: BŁĄD | B4: 03-0495 | C4: 2 | D4: 1 | E4: Wymiar 52 m między pierwszymi słupami dwóch obwodów (nr 1 i nr 1) nie został użyty - sprawdź odległości pierwszych przęseł od stacji. | F4: 7527480.3 | G4: 5787468.3
A5: BŁĄD | B5: 03-0495 | C5: 3 | D5: 13 | E5: Brak wymiaru do słupa nr 12 - odległość ustalona przez podział wymiaru 44 m ze słupem nr 14 (dorysuj wymiar). | F5: 7527009 | G5: 5787489.5
A6: BŁĄD | B6: 03-0495 | C6: 3 | D6: 13 | E6: Numer 13 występuje 2 razy w obwodzie 3. | F6: 7527228.7 | G6: 5787143.2
A7: BŁĄD | B7: 03-0495 | C7: 3 | D7: 14 | E7: Numer 14 występuje 2 razy w obwodzie 3. | F7: 7527019 | G7: 5787532
A8: BŁĄD | B8: 03-0495 | C8: 3 | D8: 15 | E8: Wymiar 100 m między słupem nr 15 a nr 13 nie został użyty jako przęsło - numeracja nie zgadza się z wymiarami (sprawdź numery lub zaczepienie wymiaru). | F8: 7527128.2 | G8: 5787146.2
A9: BŁĄD | B9: 03-0495 | C9: 3 | D9: 17 | E9: Wymiar 97 m między słupem nr 17 a nr 15 nie został użyty jako przęsło - numeracja nie zgadza się z wymiarami (sprawdź numery lub zaczepienie wymiaru). | F9: 7527031.1 | G9: 5787148.6
A10: BŁĄD | B10: 03-0497 | C10: 1 | D10: 1 | E10: Słup nr 2 leży bliżej stacji niż słup nr 1 - numery mogą być zamienione. | F10: 7528527.4 | G10: 5787533.8
A11: BŁĄD | B11: 03-0497 | C11: 1 | D11: 7 | E11: Brak wymiaru do słupa nr 6 - odległość ustalona przez podział wymiaru 51 m ze słupem nr 8 (dorysuj wymiar). | F11: 7528856.5 | G11: 5787744.8
A12: BŁĄD | B12: 03-0541 | C12: 1 | D12: 1 | E12: Słup nr 2 leży bliżej stacji niż słup nr 1 - numery mogą być zamienione. | F12: 7525028.7 | G12: 5787766
A13: BŁĄD | B13: 03-0664 | E13: Mufa nie leży przy żadnym słupie (najbliższy 16.3 m) - nie wpisano jej. | F13: 7525132.7 | G13: 5787863.9
A14: BŁĄD | B14: 03-0664 | C14: 1 | D14: 1 | E14: Słup nr 2 leży bliżej stacji niż słup nr 1 - numery mogą być zamienione. | F14: 7524870 | G14: 5788101.2
A15: BŁĄD | B15: 03-1233 | E15: Słup N-10.5/10/E nie ma numeru - brak go w zestawieniu. | F15: 7526233.8 | G15: 5787436.6
A16: BŁĄD | B16: 03-1233 | E16: Słup RPP-10.5/10/E nie ma numeru - brak go w zestawieniu. | F16: 7526211.5 | G16: 5787468.4
A17: BŁĄD | B17: 03-1233 | E17: Mufa nie leży przy żadnym słupie (najbliższy 5.3 m) - nie wpisano jej. | F17: 7526235.7 | G17: 5787472.6
A18: BŁĄD | B18: 03-1233 | C18: 2 | D18: 5 | E18: Brak wymiaru do słupa nr 4 - odległość ustalona przez podział wymiaru 29 m ze słupem nr 6 (dorysuj wymiar). | F18: 7526192.3 | G18: 5787488
A19: BŁĄD | B19: 03-1233 | C19: 2 | D19: 5 | E19: Numer 5 występuje 2 razy w obwodzie 2. | F19: 7526192.3 | G19: 5787488
A20: BŁĄD | B20: 03-1233 | C20: 2 | D20: 6 | E20: Numer 6 występuje 2 razy w obwodzie 2. | F20: 7526536.8 | G20: 5787489.9
A21: BŁĄD | B21: 03-1233 | C21: 2 | D21: 7 | E21: Numer 7 występuje 2 razy w obwodzie 2. | F21: 7526129.4 | G21: 5787497.3
A22: BŁĄD | B22: 03-1233 | C22: 2 | D22: 8 | E22: Numer 8 występuje 2 razy w obwodzie 2. | F22: 7526093.1 | G22: 5787496.7
A23: BŁĄD | B23: 03-1233 | C23: 2 | D23: 9 | E23: Numer 9 występuje 2 razy w obwodzie 2. | F23: 7526058.4 | G23: 5787495.8
A24: BŁĄD | B24: 03-1233 | C24: 2 | D24: 10 | E24: Numer 10 występuje 2 razy w obwodzie 2. | F24: 7526018 | G24: 5787494.6
A25: BŁĄD | B25: 03-1233 | C25: 2 | D25: 11 | E25: Numer 11 występuje 2 razy w obwodzie 2. | F25: 7525975.5 | G25: 5787492.3
A26: BŁĄD | B26: 03-1233 | C26: 2 | D26: 12 | E26: Numer 12 występuje 2 razy w obwodzie 2. | F26: 7526639.1 | G26: 5787583.1
A27: BŁĄD | B27: 03-1233 | C27: 2 | D27: 13 | E27: Numer 13 występuje 2 razy w obwodzie 2. | F27: 7526646.9 | G27: 5787617.3
A28: BŁĄD | B28: 03-1233 | C28: 2 | D28: 14 | E28: Brak wymiaru do słupa nr 13 - odległość ustalona przez podział wymiaru 33 m ze słupem nr 15 (dorysuj wymiar). | F28: 7525155.8 | G28: 5787842.5
A29: BŁĄD | B29: 03-1233 | C29: 2 | D29: 14 | E29: Słup leży w zakresie stacji 03-0664, a w zestawieniu jest w stacji 03-1233. | F29: 7525155.8 | G29: 5787842.5
... A60: BŁĄD | B60: 03-1233 | C60: 3 | D60: 4.3 | E60: Brak wymiaru do słupa nr 4.2 - odległość 67 m zmierzona z rysunku (dorysuj wymiar). | F60: 7526239.7 | G60: 5787476
A61: BŁĄD | B61: 03-1250 | E61: Mufa nie leży przy żadnym słupie (najbliższy 24.9 m) - nie wpisano jej. | F61: 7525480.8 | G61: 5787019.6
A62: BŁĄD | B62: 03-1250 | C62: 2 | D62: 4 | E62: Brak wymiaru do słupa nr 3 - odległość 173 m zmierzona z rysunku (dorysuj wymiar). | F62: 7525494.3 | G62: 5787092.8
A63: BŁĄD | B63: 03-1250 | C63: 2 | D63: 4 | E63: Numer 4 występuje 2 razy w obwodzie 2. | F63: 7525494.3 | G63: 5787092.8
A64: BŁĄD | B64: 03-1250 | C64: 2 | D64: 6 | E64: Brak wymiaru do słupa nr 5 - odległość 244 m zmierzona z rysunku (dorysuj wymiar). | F64: 7525485.2 | G64: 5787044.2
A65: BŁĄD | B65: 03-1250 | C65: 2 | D65: 6 | E65: Numer 6 występuje 2 razy w obwodzie 2. | F65: 7525485.2 | G65: 5787044.2
A66: BŁĄD | B66: 03-1341 | C66: 1 | D66: 2 | E66: Brak wymiaru do słupa nr 1 - odległość 63 m zmierzona z rysunku (dorysuj wymiar). | F66: 7525422.8 | G66: 5787876.5
A67: BŁĄD | B67: 03-1341 | C67: 1 | D67: 2 | E67: Numer 2 występuje 2 razy w obwodzie 1. | F67: 7525422.8 | G67: 5787876.5
A68: BŁĄD | B68: 03-1341 | C68: 1 | D68: 4 | E68: Brak wymiaru do słupa nr 3 - odległość 183 m zmierzona z rysunku (dorysuj wymiar). | F68: 7525327.3 | G68: 5787879.3
A69: BŁĄD | B69: 03-1341 | C69: 1 | D69: 4 | E69: Numer 4 występuje 2 razy w obwodzie 1. | F69: 7525327.3 | G69: 5787879.3
A70: BŁĄD | B70: 03-1341 | C70: 1 | D70: 6 | E70: Brak wymiaru do słupa nr 5 - odległość ustalona przez podział wymiaru 18 m ze słupem nr 6.1 (dorysuj wymiar). | F70: 7525287.5 | G70: 5787880.6
A71: BŁĄD | B71: 03-1341 | C71: 1 | D71: 6 | E71: Numer 6 występuje 2 razy w obwodzie 1. | F71: 7525463.5 | G71: 5787995.8
A72: BŁĄD | B72: 03-1341 | C72: 1 | D72: 7 | E72: Numer 7 występuje 2 razy w obwodzie 1. | F72: 7525276.7 | G72: 5787928
A73: BŁĄD | B73: 03-1341 | C73: 1 | D73: 8 | E73: Numer 8 występuje 2 razy w obwodzie 1. | F73: 7525419.9 | G73: 5788023.3
... A76: BŁĄD | B76: 03-1439 | C76: 1 | D76: 3 | E76: Brak wymiaru do słupa nr 2 - odległość 46 m zmierzona z rysunku (dorysuj wymiar). | F76: 7526881.4 | G76: 5787490.8
A77: UWAGA | B77: 03-0494 | E77: Powtórzony numer obwodu w opisach "obw. nr" - sprawdź numery obwodów. | F77: 7526596.1 | G77: 5787131
A78: UWAGA | B78: 03-0494 | C78: 3 | D78: 1 | E78: Nie rozpoznano opisu "obw. nr" dla tego obwodu - przyjęto obwód 3. | F78: 7526612.3 | G78: 5787132.2
A79: UWAGA | B79: 03-0495 | E79: Zdublowany opis słupu "słup nN P-10/ZN" - pominięto duplikat. | F79: 7527425.8 | G79: 5787138.2
A80: UWAGA | B80: 03-0495 | C80: 1 | D80: 5.9 | E80: Wymiar 88 m łączy słup nr 5.9 (stacja 03-0495) ze słupem nr 9 (stacja 03-0494) - przęsło między stacjami, nie wliczono go do zestawienia. | F80: 7526967.6 | G80: 5787272.1
A81: UWAGA | B81: 03-0495 | C81: 1 | D81: 11 | E81: Wymiar 37 m: jeden koniec nie jest zaczepiony o słup (6.2 m od najbliższego) - nie użyto go. | F81: 7527041.2 | G81: 5787483.7
A82: UWAGA | B82: 03-0495 | C82: 1 | D82: 11 | E82: Wymiar 37 m: jeden koniec nie jest zaczepiony o słup (6.2 m od najbliższego) - nie użyto go. | F82: 7527041.2 | G82: 5787483.7
A83: UWAGA | B83: 03-0495 | C83: 2 | D83: 7 | E83: Wymiar 21 m: jeden koniec nie jest zaczepiony o słup (21.1 m od najbliższego) - nie użyto go. | F83: 7527700.1 | G83: 5787565.5
A84: UWAGA | B84: 03-0495 | C84: 3 | D84: 13 | E84: Wymiar 6 m: jeden koniec nie jest zaczepiony o słup (6.2 m od najbliższego) - nie użyto go. | F84: 7527009 | G84: 5787489.5
A85: UWAGA | B85: 03-0495 | C85: 3 | D85: 13 | E85: Wymiar 6 m: jeden koniec nie jest zaczepiony o słup (6.2 m od najbliższego) - nie użyto go. | F85: 7527009 | G85: 5787489.5
A86: UWAGA | B86: 03-0496 | C86: 2 | D86: 5.2 | E86: Wymiar 40 m łączy słup nr 5.2 (stacja 03-0496) ze słupem nr 4.6 (stacja 03-1233) - przęsło między stacjami, nie wliczono go do zestawienia. | F86: 7526271.5 | G86: 5787623.9
A87: UWAGA | B87: 03-0497 | C87: 1 | D87: 6 | E87: Słup końcowy (K) ma kolejny słup nr 7 - sprawdź oznaczenie lub numerację. | F87: 7528682.9 | G87: 5787636.3
A88: UWAGA | B88: 03-0664 | E88: Numer "12" nie został przypisany do żadnego słupu. | F88: 7525109.6 | G88: 5787879.6
A89: UWAGA | B89: 03-0664 | E89: Numer "13" nie został przypisany do żadnego słupu. | F89: 7525127.1 | G89: 5787861.8
A90: UWAGA | B90: 03-0664 | C90: 1 | D90: 10 | E90: Wymiar 19 m: jeden koniec nie jest zaczepiony o słup (19.4 m od najbliższego) - nie użyto go. | F90: 7525113.4 | G90: 5787902.4
A91: UWAGA | B91: 03-0664 | C91: 1 | D91: 10 | E91: Wymiar 19 m: jeden koniec nie jest zaczepiony o słup (19.4 m od najbliższego) - nie użyto go. | F91: 7525113.4 | G91: 5787902.4
A92: UWAGA | B92: 03-1233 | E92: Numer "4" nie został przypisany do żadnego słupu. | F92: 7526232.7 | G92: 5787468.1
A93: UWAGA | B93: 03-1233 | E93: Numer "4.1" nie został przypisany do żadnego słupu. | F93: 7526252.7 | G93: 5787447.3
A94: UWAGA | B94: 03-1233 | C94: 1 | D94: 3 | E94: Wymiar 43 m: jeden koniec nie jest zaczepiony o słup (5.3 m od najbliższego) - nie użyto go. | F94: 7526277.7 | G94: 5787463.4
A95: UWAGA | B95: 03-1233 | C95: 1 | D95: 3 | E95: Wymiar 43 m: jeden koniec nie jest zaczepiony o słup (5.3 m od najbliższego) - nie użyto go. | F95: 7526277.7 | G95: 5787463.4
A96: UWAGA | B96: 03-1233 | C96: 2 | D96: 5 | E96: Wymiar 46 m: jeden koniec nie jest zaczepiony o słup (5.3 m od najbliższego) - nie użyto go. | F96: 7526192.3 | G96: 5787488
A97: UWAGA | B97: 03-1233 | C97: 2 | D97: 5 | E97: Wymiar 46 m: jeden koniec nie jest zaczepiony o słup (5.3 m od najbliższego) - nie użyto go. | F97: 7526192.3 | G97: 5787488
A98: UWAGA | B98: 03-1233 | C98: 2 | D98: 9 | E98: Wymiar 36 m łączy słup nr 9 (stacja 03-1233) ze słupem nr 9 (stacja 03-1439) - przęsło między stacjami, nie wliczono go do zestawienia. | F98: 7526623 | G98: 5787498.5
A99: UWAGA | B99: 03-1233 | C99: 2 | D99: 14 | E99: Wymiar 31 m: jeden koniec nie jest zaczepiony o słup (16.4 m od najbliższego) - nie użyto go. | F99: 7525155.8 | G99: 5787842.5
A100: UWAGA | B100: 03-1233 | C100: 2 | D100: 14 | E100: Wymiar 31 m: jeden koniec nie jest zaczepiony o słup (16.4 m od najbliższego) - nie użyto go. | F100: 7525155.8 | G100: 5787842.5
A101: UWAGA | B101: 03-1233 | C101: 2 | D101: 19.4 | E101: Wymiar 47 m łączy słup nr 19.4 (stacja 03-1233) ze słupem nr 8.2 (stacja 03-0496) - przęsło między stacjami, nie wliczono go do zestawienia. | F101: 7525694 | G101: 5787645.4
A102: UWAGA | B102: 03-1233 | C102: 3 | D102: 4.2 | E102: Wymiar 43 m: jeden koniec nie jest zaczepiony o słup (26.4 m od najbliższego) - nie użyto go. | F102: 7526238.7 | G102: 5787409.1
A103: UWAGA | B103: 03-1233 | C103: 3 | D103: 4.2 | E103: Wymiar 43 m: jeden koniec nie jest zaczepiony o słup (26.4 m od najbliższego) - nie użyto go. | F103: 7526238.7 | G103: 5787409.1
A104: UWAGA | B104: 03-1233 | C104: 3 | D104: 4.2 | E104: Nie rozpoznano opisu "obw. nr" dla tego obwodu - przyjęto obwód 3. | F104: 7526238.7 | G104: 5787409.1
A105: UWAGA | B105: 03-1233 | C105: 3 | D105: 4.2 | E105: Bardzo długie przęsło: 120 m (więcej niż 70 m). | F105: 7526238.7 | G105: 5787409.1
... A107: UWAGA | B107: 03-1233 | C107: 3 | D107: 4.3 | E107: Wymiar 6 m: jeden koniec nie jest zaczepiony o słup (5.3 m od najbliższego) - nie użyto go. | F107: 7526239.7 | G107: 5787476
A108: UWAGA | B108: 03-1250 | E108: Numer "3" nie został przypisany do żadnego słupu. | F108: 7525502 | G108: 5787112.1
A109: UWAGA | B109: 03-1250 | E109: Numer "5" nie został przypisany do żadnego słupu. | F109: 7525493.2 | G109: 5787064.9
A110: UWAGA | B110: 03-1250 | E110: Numer "7" nie został przypisany do żadnego słupu. | F110: 7525485.2 | G110: 5787017
A111: UWAGA | B111: 03-1250 | C111: 1 | D111: 2 | E111: Wymiar 32 m: jeden koniec nie jest zaczepiony o słup (22.1 m od najbliższego) - nie użyto go. | F111: 7525504.4 | G111: 5787146.3
A112: UWAGA | B112: 03-1250 | C112: 1 | D112: 2 | E112: Wymiar 32 m: jeden koniec nie jest zaczepiony o słup (22.1 m od najbliższego) - nie użyto go. | F112: 7525504.4 | G112: 5787146.3
A113: UWAGA | B113: 03-1250 | C113: 2 | D113: 4 | E113: Wymiar 26 m: jeden koniec nie jest zaczepiony o słup (23.6 m od najbliższego) - nie użyto go. | F113: 7525494.3 | G113: 5787092.8
A114: UWAGA | B114: 03-1250 | C114: 2 | D114: 4 | E114: Wymiar 22 m: jeden koniec nie jest zaczepiony o słup (22.1 m od najbliższego) - nie użyto go. | F114: 7525494.3 | G114: 5787092.8
A115: UWAGA | B115: 03-1250 | C115: 2 | D115: 4 | E115: Wymiar 26 m: jeden koniec nie jest zaczepiony o słup (23.6 m od najbliższego) - nie użyto go. | F115: 7525494.3 | G115: 5787092.8
A116: UWAGA | B116: 03-1250 | C116: 2 | D116: 4 | E116: Wymiar 22 m: jeden koniec nie jest zaczepiony o słup (22.1 m od najbliższego) - nie użyto go. | F116: 7525494.3 | G116: 5787092.8
A117: UWAGA | B117: 03-1250 | C117: 2 | D117: 4 | E117: Bardzo długie przęsło: 173 m (więcej niż 70 m). | F117: 7525494.3 | G117: 5787092.8
A118: UWAGA | B118: 03-1250 | C118: 2 | D118: 6 | E118: Wymiar 25 m: jeden koniec nie jest zaczepiony o słup (25.0 m od najbliższego) - nie użyto go. | F118: 7525485.2 | G118: 5787044.2
A119: UWAGA | B119: 03-1250 | C119: 2 | D119: 6 | E119: Wymiar 24 m: jeden koniec nie jest zaczepiony o słup (23.6 m od najbliższego) - nie użyto go. | F119: 7525485.2 | G119: 5787044.2
A120: UWAGA | B120: 03-1250 | C120: 2 | D120: 6 | E120: Wymiar 25 m: jeden koniec nie jest zaczepiony o słup (25.0 m od najbliższego) - nie użyto go. | F120: 7525485.2 | G120: 5787044.2
A121: UWAGA | B121: 03-1250 | C121: 2 | D121: 6 | E121: Wymiar 24 m: jeden koniec nie jest zaczepiony o słup (23.6 m od najbliższego) - nie użyto go. | F121: 7525485.2 | G121: 5787044.2
A122: UWAGA | B122: 03-1250 | C122: 2 | D122: 6 | E122: Bardzo długie przęsło: 244 m (więcej niż 70 m). | F122: 7525485.2 | G122: 5787044.2
A123: UWAGA | B123: 03-1341 | E123: Numer "1" nie został przypisany do żadnego słupu. | F123: 7525462.5 | G123: 5787871.2
A124: UWAGA | B124: 03-1341 | E124: Numer "3" nie został przypisany do żadnego słupu. | F124: 7525376.5 | G124: 5787873.5
A125: UWAGA | B125: 03-1341 | E125: Numer "5" nie został przypisany do żadnego słupu. | F125: 7525294.1 | G125: 5787875.4
A126: UWAGA | B126: 03-1341 | C126: 1 | D126: 1 | E126: Wymiar 21 m: jeden koniec nie jest zaczepiony o słup (20.8 m od najbliższego) - nie użyto go. | F126: 7525485.5 | G126: 5787874.4
A127: UWAGA | B127: 03-1341 | C127: 1 | D127: 1 | E127: Wymiar 21 m: jeden koniec nie jest zaczepiony o słup (20.8 m od najbliższego) - nie użyto go. | F127: 7525485.5 | G127: 5787874.4
A128: UWAGA | B128: 03-1341 | C128: 1 | D128: 2 | E128: Wymiar 45 m: jeden koniec nie jest zaczepiony o słup (45.4 m od najbliższego) - nie użyto go. | F128: 7525422.8 | G128: 5787876.5
A129: UWAGA | B129: 03-1341 | C129: 1 | D129: 2 | E129: Wymiar 42 m: jeden koniec nie jest zaczepiony o słup (20.8 m od najbliższego) - nie użyto go. | F129: 7525422.8 | G129: 5787876.5
A130: UWAGA | B130: 03-1341 | C130: 1 | D130: 2 | E130: Wymiar 45 m: jeden koniec nie jest zaczepiony o słup (45.4 m od najbliższego) - nie użyto go. | F130: 7525422.8 | G130: 5787876.5
A131: UWAGA | B131: 03-1341 | C131: 1 | D131: 2 | E131: Wymiar 42 m: jeden koniec nie jest zaczepiony o słup (20.8 m od najbliższego) - nie użyto go. | F131: 7525422.8 | G131: 5787876.5
A132: UWAGA | B132: 03-1341 | C132: 1 | D132: 4 | E132: Wymiar 32 m: jeden koniec nie jest zaczepiony o słup (8.0 m od najbliższego) - nie użyto go. | F132: 7525327.3 | G132: 5787879.3
A133: UWAGA | B133: 03-1341 | C133: 1 | D133: 4 | E133: Wymiar 50 m: jeden koniec nie jest zaczepiony o słup (45.4 m od najbliższego) - nie użyto go. | F133: 7525327.3 | G133: 5787879.3
...

Sheet 03-0494
A1: Nr słupa | B1: Oznaczenie | C1: Typ | D1: Odległość | E1: Mufa | F1: Obwód | G1: Kontrola
A2: 1 | B2: P | C2: -10/ZN | D2: 27 | F2: 1
A3: 2 | B3: RPKr | C3: -10/ZN | D3: 26 | F3: 1
A4: 3 | B4: P | C4: -10/ZN | D4: 47 | F4: 1
A5: 4 | B5: P | C5: -10/ZN | D5: 50 | F5: 1
A6: 5 | B6: RPKr | C6: -10/ZN | D6: 50 | E6: 1 | F6: 1
A7: 5.1 | B7: RPKr | C7: -10/ZN | D7: 49 | E7: 1 | F7: 1
A8: 5.2 | B8: P | C8: -10/ZN | D8: 52 | F8: 1
A9: 5.3 | B9: Kr | C9: -10/ZN | D9: 51 | F9: 1
A10: 5.4 | B10: N | C10: -10.5/10/E | D10: 26 | F10: 1
A11: 5.5 | B11: N | C11: -10.5/10/E | D11: 13 | F11: 1
A12: 5.6 | B12: RPK | C12: -10.5/10/E | D12: 8 | E12: 1 | F12: 1
A13: 5.7 | B13: Nr | C13: -10/ZN | D13: 52 | F13: 1
A14: 6 | B14: Nr | C14: -10/ZN | D14: 46 | F14: 1
A15: 7 | B15: P | C15: -10/ZN | D15: 53 | F15: 1 | G15: BŁĄD: Dwa różne wymiary (53 m i 55 m) między słupem nr 7 a nr 6.
A16: 8 | B16: P | C16: -10/ZN | D16: 53 | F16: 1
A17: 9 | B17: RPKr | C17: -10/ZN | D17: 49 | E17: 1 | F17: 1
A18: 10 | B18: P | C18: -10/ZN | D18: 51 | F18: 1
A19: 11 | B19: P | C19: -10/ZN | D19: 41 | F19: 1
A20: 12 | B20: P | C20: -10/ZN | D20: 44 | F20: 1
A21: 13 | B21: Nr | C21: -10/ZN | D21: 44 | E21: 1 | F21: 1
A22: 14 | B22: P | C22: -10/ZN | D22: 40 | F22: 1
A23: 15 | B23: Nr | C23: -10/ZN | D23: 42 | F23: 1
A24: 16 | B24: N | C24: -10.5/10/E | D24: 51 | E24: 1 | F24: 1
A25: 17 | B25: P | C25: -10/ZN | D25: 39 | F25: 1
A26: 18 | B26: K | C26: -10.5/10/E | D26: 37 | F26: 1
A27: 1 | B27: Nr | C27: -10/ZN | D27: 12 | E27: 1 | F27: 2
A28: 2 | B28: P | C28: -10/ZN | D28: 51 | F28: 2
A29: 3 | B29: RPKr | C29: -10/ZN | D29: 51 | E29: 1 | F29: 2
A30: 4 | B30: P | C30: -10/ZN | D30: 45 | F30: 2
A31: 5 | B31: P | C31: -10/ZN | D31: 50 | F31: 2
A32: 6 | B32: P | C32: -10/ZN | D32: 50 | E32: 1 | F32: 2
A33: 7 | B33: P | C33: -10/ZN | D33: 51 | F33: 2
A34: 8 | B34: P | C34: -10/ZN | D34: 43 | F34: 2
A35: 9 | B35: Kr | C35: -10/ZN | D35: 54 | E35: 1 | F35: 2
A36: 1 | B36: RPKr | C36: -10/ZN | D36: 12 | F36: 3 | G36: UWAGA: Nie rozpoznano opisu "obw. nr" dla tego obwodu - przyjęto obwód 3.
A37: 2 | B37: RPKr | C37: -10/ZN | D37: 37 | E37: 1 | F37: 3
A38: 3 | B38: P | C38: -10/ZN | D38: 50 | F38: 3
A39: 4 | B39: P | C39: -10/ZN | D39: 49 | F39: 3
A40: 5 | B40: K | C40: -10.5/10/E | D40: 44 | E40: 1 | F40: 3

Sheet 03-0495
A1: Nr słupa | B1: Oznaczenie | C1: Typ | D1: Odległość | E1: Mufa | F1: Obwód | G1: Kontrola
A2: 1 | B2: P | C2: -10/ZN | D2: 21 | F2: 1
A3: 2 | B3: P | C3: -10/ZN | D3: 47 | F3: 1
A4: 3 | B4: RPK | C4: -10.5/10/E | D4: 22 | E4: 1 | F4: 1
A5: 3.1 | B5: Nr | C5: -10/ZN | D5: 17 | F5: 1
A6: 3.2 | B6: P | C6: -10/ZN | D6: 42 | F6: 1
A7: 3.3 | B7: P | C7: -10/ZN | D7: 41 | F7: 1
A8: 3.4 | B8: K | C8: -10.5/10/E | D8: 46 | F8: 1
A9: 4 | B9: P | C9: -10/ZN | D9: 24 | F9: 1
A10: 5 | B10: RPKr | C10: -10/ZN | D10: 50 | E10: 1 | F10: 1
A11: 5.1 | B11: P | C11: -10/ZN | D11: 53 | F11: 1
A12: 5.2 | B12: P | C12: -10/ZN | D12: 52 | F12: 1
A13: 5.3 | B13: Nr | C13: -10/ZN | D13: 54 | E13: 1 | F13: 1
A14: 5.4 | B14: Nr | C14: -10/ZN | D14: 44 | F14: 1
A15: 5.5 | B15: P | C15: -10/ZN | D15: 46 | E15: 1 | F15: 1
A16: 5.6 | B16: P | C16: -10/ZN | D16: 54 | F16: 1
A17: 5.7 | B17: P | C17: -10/ZN | D17: 45 | F17: 1
A18: 5.8 | B18: P | C18: -10/ZN | D18: 53 | E18: 1 | F18: 1
A19: 5.9 | B19: Kr | C19: -10/ZN | D19: 57 | F19: 1 | G19: UWAGA: Wymiar 88 m łączy słup nr 5.9 (stacja 03-0495) ze słupem nr 9 (stacja 03-0494) - przęsło między stacjami, nie wliczono go do zestawienia.
A20: 6 | B20: Nr | C20: -10/ZN | D20: 53 | F20: 1
A21: 7 | B21: N | C21: -10.5/10/E | D21: 34 | F21: 1
A22: 8 | B22: P | C22: -10/ZN | D22: 42 | F22: 1
A23: 9 | B23: P | C23: -10/ZN | D23: 33 | F23: 1
A24: 10 | B24: RPK | C24: -10.5/10/E | D24: 35 | E24: 1 | F24: 1
A25: 10.1 | B25: P | C25: -10/ZN | D25: 35 | F25: 1
A26: 10.2 | B26: K | C26: -10.5/10/E | D26: 38 | F26: 1
A27: 11 | B27: P | C27: -10/ZN | D27: 40 | F27: 1 | G27: UWAGA: Wymiar 37 m: jeden koniec nie jest zaczepiony o słup (6.2 m od najbliższego) - nie użyto go. | UWAGA: Wymiar 37 m: jeden koniec nie jest zaczepiony o słup (6.2 m od najbliższego) - nie użyto go.
A28: 12 | B28: N | C28: -10.5/10/E | D28: 29 | F28: 1 | G28: BŁĄD: Brak wymiaru do słupa nr 11 - odległość 29 m zmierzona z rysunku (dorysuj wymiar).
A29: 1 | B29: P | C29: -10/ZN | D29: 16 | E29: 1 | F29: 2 | G29: BŁĄD: Wymiar 52 m między pierwszymi słupami dwóch obwodów (nr 1 i nr 1) nie został użyty - sprawdź odległości pierwszych przęseł od stacji.
A30: 2 | B30: Nr | C30: -10/ZN | D30: 15 | F30: 2
A31: 3 | B31: P | C31: -10/ZN | D31: 46 | F31: 2
A32: 4 | B32: P | C32: -10/ZN | D32: 38 | F32: 2
A33: 5 | B33: Or | C33: -10/ZN | D33: 52 | E33: 1 | F33: 2
A34: 6 | B34: RPKr | C34: -10/ZN | D34: 47 | F34: 2
A35: 7 | B35: P | C35: -10/ZN | D35: 28 | F35: 2 | G35: UWAGA: Wymiar 21 m: jeden koniec nie jest zaczepiony o słup (21.1 m od najbliższego) - nie użyto go.
A36: 1 | B36: P | C36: -10/ZN | D36: 21 | E36: 1 | F36: 3
A37: 2 | B37: P | C37: -10/ZN | D37: 33 | F37: 3
A38: 3 | B38: P | C38: -10/ZN | D38: 30 | F38: 3
A39: 4 | B39: RPKr | C39: -10/ZN | D39: 31 | F39: 3
A40: 5 | B40: P | C40: -10/ZN | D40: 53 | F40: 3
A41: 6 | B41: P | C41: -10/ZN | D41: 24 | F41: 3
A42: 7 | B42: RPKr | C42: -10/ZN | D42: 46 | E42: 1 | F42: 3
A43: 7.1 | B43: P | C43: -10/ZN | D43: 50 | F43: 3
A44: 7.2 | B44: P | C44: -10/ZN | D44: 54 | E44: 1 | F44: 3
A45: 7.3 | B45: P | C45: -10/ZN | D45: 43 | F45: 3
A46: 7.4 | B46: P | C46: -10/ZN | D46: 55 | E46: 1 | F46: 3
A47: 7.5 | B47: P | C47: -10/ZN | D47: 50 | F47: 3
A48: 7.6 | B48: P | C48: -10/ZN | D48: 50 | F48: 3
A49: 7.7 | B49: RPKr | C49: -10/ZN | D49: 50 | E49: 1 | F49: 3
A50: 7.8 | B50: K | C50: -10/ZN | D50: 15 | E50: 1 | F50: 3
A51: 7.9 | B51: P | C51: -10/ZN | D51: 51 | F51: 3
A52: 7.10 | B52: P | C52: -10/ZN | D52: 50 | F52: 3
A53: 7.11 | B53: Kr | C53: -10/ZN | D53: 50 | E53: 1 | F53: 3
A54: 8 | B54: P | C54: -10/ZN | D54: 39 | F54: 3
A55: 9 | B55: P | C55: -10/ZN | D55: 42 | E55: 1 | F55: 3
A56: 10 | B56: P | C56: -10/ZN | D56: 53 | F56: 3
A57: 11 | B57: P | C57: -10/ZN | D57: 49 | E57: 1 | F57: 3
A58: 12 | B58: P | C58: -10/ZN | D58: 51 | F58: 3
A59: 13 | B59: P | C59: -10/ZN | D59: 45 | E59: 1 | F59: 3 | G59: BŁĄD: Numer 13 występuje 2 razy w obwodzie 3.
A60: 13 | B60: N | C60: -10/ZN | D60: 22 | E60: 1 | F60: 3 | G60: UWAGA: Wymiar 6 m: jeden koniec nie jest zaczepiony o słup (6.2 m od najbliższego) - nie użyto go. | UWAGA: Wymiar 6 m: jeden koniec nie jest zaczepiony o słup (6.2 m od najbliższego) - nie użyto go. | BŁĄD: Brak wymiaru do słupa nr 12 - odległość ustalona przez podział wymiaru 44 m ze słupem nr 14 (dorysuj wymiar).
A61: 14 | B61: K | C61: -10/ZN | D61: 22 | F61: 3 | G61: BŁĄD: Numer 14 występuje 2 razy w obwodzie 3.
A62: 14 | B62: P | C62: -10/ZN | D62: 49 | F62: 3
A63: 15 | B63: RPKr | C63: -10/ZN | D63: 52 | E63: 1 | F63: 3 | G63: BŁĄD: Wymiar 100 m między słupem nr 15 a nr 13 nie został użyty jako przęsło - numeracja nie zgadza się z wymiarami (sprawdź numery lub zaczepienie wymiaru).
A64: 15.1 | B64: P | C64: -10/ZN | D64: 47 | F64: 3
A65: 15.2 | B65: P | C65: -10/ZN | D65: 46 | F65: 3
A66: 15.3 | B66: P | C66: -10/ZN | D66: 36 | E66: 1 | F66: 3
A67: 16 | B67: P | C67: -10/ZN | D67: 51 | F67: 3
A68: 17 | B68: Kr | C68: -10/ZN | D68: 46 | F68: 3 | G68: BŁĄD: Wymiar 97 m między słupem nr 17 a nr 15 nie został użyty jako przęsło - numeracja nie zgadza się z wymiarami (sprawdź numery lub zaczepienie wymiaru).

Sheet 03-0496
A1: Nr słupa | B1: Oznaczenie | C1: Typ | D1: Odległość | E1: Mufa | F1: Obwód | G1: Kontrola
A2: 1 | B2: P | C2: -10/ZN | D2: 24 | F2: 1
A3: 2 | B3: P | C3: -10/ZN | D3: 24 | F3: 1
A4: 3 | B4: P | C4: -10/ZN | D4: 50 | F4: 1
A5: 4 | B5: P | C5: -10/ZN | D5: 49 | F5: 1
A6: 5 | B6: P | C6: -10/ZN | D6: 50 | F6: 1
A7: 6 | B7: P | C7: -10/ZN | D7: 51 | F7: 1
A8: 7 | B8: P | C8: -10/ZN | D8: 49 | F8: 1
A9: 8 | B9: RPK | C9: -10.5/10/E | D9: 23 | E9: 1 | F9: 1
A10: 8.1 | B10: Nr | C10: -10/ZN | D10: 16 | F10: 1
A11: 8.2 | B11: K | C11: -10.5/10/E | D11: 42 | F11: 1
A12: 9 | B12: P | C12: -10/ZN | D12: 26 | F12: 1
A13: 10 | B13: P | C13: -10/ZN | D13: 43 | F13: 1
A14: 11 | B14: P | C14: -10/ZN | D14: 39 | F14: 1
A15: 12 | B15: Kr | C15: -10/ZN | D15: 37 | E15: 1 | F15: 1
A16: 1 | B16: P | C16: -10/ZN | D16: 25 | F16: 2
A17: 2 | B17: P | C17: -10/ZN | D17: 24 | F17: 2
A18: 3 | B18: RPKr | C18: -10/ZN | D18: 52 | E18: 1 | F18: 2
A19: 4 | B19: P | C19: -10/ZN | D19: 50 | F19: 2
A20: 5 | B20: RPK | C20: -10.5/10/E | D20: 24 | E20: 1 | F20: 2
A21: 5.1 | B21: P | C21: -10/ZN | D21: 17 | F21: 2
A22: 5.2 | B22: K | C22: -10.5/10/E | D22: 48 | F22: 2 | G22: UWAGA: Wymiar 40 m łączy słup nr 5.2 (stacja 03-0496) ze słupem nr 4.6 (stacja 03-1233) - przęsło między stacjami, nie wliczono go do zestawienia.
A23: 6 | B23: N | C23: -10.5/10/E | D23: 27 | F23: 2
A24: 7 | B24: P | C24: -10/ZN | D24: 50 | F24: 2
A25: 8 | B25: P | C25: -10/ZN | D25: 50 | F25: 2
A26: 9 | B26: K | C26: -10.5/10/E | D26: 37 | E26: 1 | F26: 2

Sheet 03-0497
A1: Nr słupa | B1: Oznaczenie | C1: Typ | D1: Odległość | E1: Mufa | F1: Obwód | G1: Kontrola
A2: 1 | B2: RPKr | C2: -10/ZN | D2: 27 | F2: 1 | G2: BŁĄD: Słup nr 2 leży bliżej stacji niż słup nr 1 - numery mogą być zamienione.
A3: 2 | B3: P | C3: -10/ZN | D3: 26 | F3: 1
A4: 3 | B4: RPKr | C4: -10/ZN | D4: 46 | E4: 1 | F4: 1
A5: 4 | B5: P | C5: -10/ZN | D5: 55 | F5: 1
A6: 5 | B6: N | C6: -10.5/10/E | D6: 27 | F6: 1
A7: 6 | B7: K | C7: -10.5/10/E | D7: 53 | F7: 1 | G7: UWAGA: Słup końcowy (K) ma kolejny słup nr 7 - sprawdź oznaczenie lub numerację.
A8: 7 | B8: P | C8: -10.5/10/E | D8: 25 | F8: 1 | G8: BŁĄD: Brak wymiaru do słupa nr 6 - odległość ustalona przez podział wymiaru 51 m ze słupem nr 8 (dorysuj wymiar).
A9: 8 | B9: RPK | C9: -10.5/10/E | D9: 26 | E9: 1 | F9: 1

Sheet 03-0541
A1: Nr słupa | B1: Oznaczenie | C1: Typ | D1: Odległość | E1: Mufa | F1: Obwód | G1: Kontrola
A2: 1 | B2: Nr | C2: -10/ZN | D2: 22 | E2: 1 | F2: 1 | G2: BŁĄD: Słup nr 2 leży bliżej stacji niż słup nr 1 - numery mogą być zamienione.
A3: 2 | B3: P | C3: -10/ZN | D3: 22 | F3: 1
A4: 3 | B4: P | C4: -10/ZN | D4: 48 | F4: 1
A5: 4 | B5: P | C5: -10/ZN | D5: 48 | F5: 1
A6: 5 | B6: P | C6: -10/ZN | D6: 41 | F6: 1
A7: 6 | B7: RPKr | C7: -10/ZN | D7: 32 | E7: 1 | F7: 1
A8: 7 | B8: P | C8: -10/ZN | D8: 38 | F8: 1
A9: 8 | B9: P | C9: -10/ZN | D9: 38 | F9: 1
A10: 9 | B10: P | C10: -10/ZN | D10: 22 | F10: 1
A11: 10 | B11: P | C11: -10/ZN | D11: 23 | F11: 1
A12: 11 | B12: Kr | C12: -10/ZN | D12: 46 | F12: 1

Sheet 03-0664
A1: Nr słupa | B1: Oznaczenie | C1: Typ | D1: Odległość | E1: Mufa | F1: Obwód | G1: Kontrola
A2: 1 | B2: P | C2: -10/ZN | D2: 18 | F2: 1 | G2: BŁĄD: Słup nr 2 leży bliżej stacji niż słup nr 1 - numery mogą być zamienione.
A3: 2 | B3: P | C3: -10/ZN | D3: 18 | F3: 1
A4: 3 | B4: RPKr | C4: -10/ZN | D4: 22 | F4: 1
A5: 3.1 | B5: P | C5: -10/ZN | D5: 23 | F5: 1
A6: 3.2 | B6: P | C6: -10/ZN | D6: 22 | F6: 1
A7: 3.3 | B7: Kr | C7: -10/ZN | D7: 22 | F7: 1
A8: 4 | B8: RPKr | C8: -10/ZN | D8: 23 | F8: 1
A9: 5 | B9: P | C9: -10/ZN | D9: 47 | E9: 1 | F9: 1
A10: 6 | B10: P | C10: -10/ZN | D10: 43 | F10: 1
A11: 7 | B11: P | C11: -10/ZN | D11: 41 | E11: 1 | F11: 1
A12: 8 | B12: P | C12: -10/ZN | D12: 43 | F12: 1
A13: 9 | B13: P | C13: -10/ZN | D13: 43 | E13: 1 | F13: 1
A14: 10 | B14: RPKr | C14: -10/ZN | D14: 16 | F14: 1 | G14: UWAGA: Wymiar 19 m: jeden koniec nie jest zaczepiony o słup (19.4 m od najbliższego) - nie użyto go. | UWAGA: Wymiar 19 m: jeden koniec nie jest zaczepiony o słup (19.4 m od najbliższego) - nie użyto go.
A15: 11 | B15: Kr | C15: -10/ZN | D15: 45 | F15: 1

Sheet 03-1233
A1: Nr słupa | B1: Oznaczenie | C1: Typ | D1: Odległość | E1: Mufa | F1: Obwód | G1: Kontrola
A2: 1 | B2: N | C2: -10.5/10/E | D2: 5 | F2: 1
A3: 2 | B3: RPK | C3: -10.5/10/E | D3: 22 | F3: 1
A4: 3 | B4: N | C4: -10.5/10/E | D4: 31 | F4: 1 | G4: UWAGA: Wymiar 43 m: jeden koniec nie jest zaczepiony o słup (5.3 m od najbliższego) - nie użyto go. | UWAGA: Wymiar 43 m: jeden koniec nie jest zaczepiony o słup (5.3 m od najbliższego) - nie użyto go.
A5: 1 | B5: Nb | C5: -10.5/10/E | D5: 5 | F5: 2
A6: 2 | B6: P | C6: -10/ZN | D6: 42 | F6: 2
A7: 3 | B7: RPK | C7: -10.5/10/E | D7: 37 | E7: 1 | F7: 2
A8: 3.1 | B8: N | C8: -10.5/10/E | D8: 5 | F8: 2
A9: 3.2 | B9: P | C9: -10/ZN | D9: 26 | F9: 2
A10: 3.3 | B10: P | C10: -10/ZN | D10: 25 | F10: 2
A11: 3.4 | B11: K | C11: -10.5/10/E | D11: 25 | E11: 1 | F11: 2
A12: 4 | B12: P | C12: -10/ZN | D12: 40 | F12: 2
A13: 5 | B13: P | C13: -10/ZN | D13: 14 | F13: 2 | G13: UWAGA: Wymiar 46 m: jeden koniec nie jest zaczepiony o słup (5.3 m od najbliższego) - nie użyto go. | UWAGA: Wymiar 46 m: jeden koniec nie jest zaczepiony o słup (5.3 m od najbliższego) - nie użyto go. | BŁĄD: Brak wymiaru do słupa nr 4 - odległość ustalona przez podział wymiaru 29 m ze słupem nr 6 (dorysuj wymiar). | BŁĄD: Numer 5 występuje 2 razy w obwodzie 2.
A14: 5 | B14: P | C14: -10/ZN | D14: 41 | F14: 2
A15: 6 | B15: P | C15: -10/ZN | D15: 37 | F15: 2 | G15: BŁĄD: Numer 6 występuje 2 razy w obwodzie 2.
A16: 6 | B16: N | C16: -10.5/10/E | D16: 15 | F16: 2
A17: 7 | B17: P | C17: -10/ZN | D17: 35 | E17: 1 | F17: 2 | G17: BŁĄD: Numer 7 występuje 2 razy w obwodzie 2.
A18: 7 | B18: P | C18: -10/ZN | D18: 41 | F18: 2
A19: 8 | B19: P | C19: -10/ZN | D19: 36 | F19: 2 | G19: BŁĄD: Numer 8 występuje 2 razy w obwodzie 2.
A20: 8 | B20: N | C20: -10.5/10/E | D20: 32 | F20: 2
A21: 9 | B21: P | C21: -10/ZN | D21: 35 | F21: 2 | G21: BŁĄD: Numer 9 występuje 2 razy w obwodzie 2.
A22: 9 | B22: RPK | C22: -10.5/10/E | D22: 14 | E22: 1 | F22: 2 | G22: UWAGA: Wymiar 36 m łączy słup nr 9 (stacja 03-1233) ze słupem nr 9 (stacja 03-1439) - przęsło między stacjami, nie wliczono go do zestawienia.
A23: 10 | B23: P | C23: -10/ZN | D23: 40 | E23: 1 | F23: 2 | G23: BŁĄD: Numer 10 występuje 2 razy w obwodzie 2.
A24: 10 | B24: N | C24: -10.5/10/E | D24: 5 | F24: 2
A25: 11 | B25: P | C25: -10/ZN | D25: 43 | F25: 2 | G25: BŁĄD: Numer 11 występuje 2 razy w obwodzie 2.
A26: 11 | B26: RPK | C26: -10.5/10/E | D26: 46 | E26: 1 | F26: 2
A27: 11.1 | B27: N | C27: -10.5/10/E | D27: 13 | F27: 2
A28: 11.2 | B28: N | C28: -10.5/10/E | D28: 25 | F28: 2
A29: 11.3 | B29: N | C29: -10.5/10/E | D29: 8 | F29: 2
A30: 11.4 | B30: P | C30: -10/ZN | D30: 37 | F30: 2
A31: 11.5 | B31: P | C31: -10/ZN | D31: 41 | F31: 2
A32: 11.6 | B32: P | C32: -10/ZN | D32: 41 | F32: 2
A33: 11.7 | B33: RPK | C33: -10.5/10/E | D33: 41 | E33: 1 | F33: 2
A34: 11.7.1 | B34: P | C34: -10/ZN | D34: 46 | F34: 2
A35: 11.7.2 | B35: Nr | C35: -10/ZN | D35: 50 | F35: 2
A36: 11.7.3 | B36: P | C36: -10/ZN | D36: 41 | F36: 2
A37: 11.7.4 | B37: RPK | C37: -10.5/10/E | D37: 13 | E37: 1 | F37: 2
A38: 11.7.5 | B38: P | C38: -10/ZN | D38: 37 | F38: 2
A39: 11.7.6 | B39: P | C39: -10/ZN | D39: 50 | F39: 2
A40: 11.7.7 | B40: P | C40: -10/ZN | D40: 50 | F40: 2
A41: 11.7.8 | B41: Kr | C41: -10/ZN | D41: 47 | E41: 1 | F41: 2
A42: 11.7.9 | B42: P | C42: -10/ZN | D42: 35 | F42: 2
A43: 11.7.10 | B43: K | C43: -10.5/10/E | D43: 53 | E43: 1 | F43: 2
A44: 11.8 | B44: P | C44: -10/ZN | D44: 46 | F44: 2
A45: 11.9 | B45: K | C45: -10.5/10/E | D45: 47 | E45: 1 | F45: 2
A46: 12 | B46: P | C46: -10/ZN | D46: 35 | F46: 2 | G46: BŁĄD: Numer 12 występuje 2 razy w obwodzie 2.
A47: 12 | B47: P | C47: -10/ZN | D47: 43 | F47: 2
A48: 13 | B48: P | C48: -10/ZN | D48: 35 | F48: 2 | G48: BŁĄD: Numer 13 występuje 2 razy w obwodzie 2.
A49: 13 | B49: P | C49: -10/ZN | D49: 39 | F49: 2
A50: 14 | B50: P | C50: -10/ZN | D50: 35 | F50: 2 | G50: BŁĄD: Numer 14 występuje 3 razy w obwodzie 2.
A51: 14 | B51: P | C51: -10/ZN | D51: 39 | E51: 1 | F51: 2
A52: 14 | B52: P | C52: -10.5/10/E | D52: 16 | F52: 2 | G52: UWAGA: Wymiar 31 m: jeden koniec nie jest zaczepiony o słup (16.4 m od najbliższego) - nie użyto go. | UWAGA: Wymiar 31 m: jeden koniec nie jest zaczepiony o słup (16.4 m od najbliższego) - nie użyto go. | BŁĄD: Brak wymiaru do słupa nr 13 - odległość ustalona przez podział wymiaru 33 m ze słupem nr 15 (dorysuj wymiar). | BŁĄD: Słup leży w zakresie stacji 03-0664, a w zestawieniu jest w stacji 03-1233. | BŁĄD: Przęsło do słupa nr 13 przechodzi z zakresu stacji 03-0664 do zakresu stacji 03-1233.
A53: 15 | B53: P | C53: -10/ZN | D53: 36 | F53: 2 | G53: BŁĄD: Numer 15 występuje 3 razy w obwodzie 2.
A54: 15 | B54: P | C54: -10.5/10/E | D54: 17 | F54: 2 | G54: BŁĄD: Słup leży w zakresie stacji 03-0664, a w zestawieniu jest w stacji 03-1233.
A55: 15 | B55: RPK | C55: -10.5/10/E | D55: 40 | F55: 2
A56: 15.1 | B56: N | C56: -10.5/10/E | D56: 17 | F56: 2
A57: 15.2 | B57: K | C57: -10.5/10/E | D57: 40 | F57: 2
A58: 16 | B58: P | C58: -10/ZN | D58: 39 | F58: 2 | G58: BŁĄD: Numer 16 występuje 3 razy w obwodzie 2.
A59: 16 | B59: N | C59: -10.5/10/E | D59: 32 | F59: 2 | G59: BŁĄD: Słup leży w zakresie stacji 03-0664, a w zestawieniu jest w stacji 03-1233.
A60: 16 | B60: N | C60: -10.5/10/E | D60: 30 | E60: 1 | F60: 2
A61: 17 | B61: P | C61: -10/ZN | D61: 33 | F61: 2 | G61: BŁĄD: Numer 17 występuje 3 razy w obwodzie 2.
A62: 17 | B62: RPK | C62: -10.5/10/E | D62: 18 | E62: 1 | F62: 2 | G62: BŁĄD: Słup leży w zakresie stacji 03-0664, a w zestawieniu jest w stacji 03-1233.
A63: 17 | B63: N | C63: -10.5/10/E | D63: 15 | F63: 2
A64: 17.1 | B64: N | C64: -10.5/10/E | D64: 7 | F64: 2 | G64: BŁĄD: Słup leży w zakresie stacji 03-0664, a w zestawieniu jest w stacji 03-1233.
A65: 17.2 | B65: P | C65: -10/ZN | D65: 52 | F65: 2 | G65: BŁĄD: Słup leży w zakresie stacji 03-0664, a w zestawieniu jest w stacji 03-1233.
A66: 17.3 | B66: P | C66: -10/ZN | D66: 56 | E66: 1 | F66: 2 | G66: BŁĄD: Słup leży w zakresie stacji 03-0664, a w zestawieniu jest w stacji 03-1233.
A67: 17.4 | B67: K | C67: -10.5/10/E | D67: 56 | F67: 2 | G67: BŁĄD: Słup leży w zakresie stacji 03-0664, a w zestawieniu jest w stacji 03-1233.
A68: 18 | B68: P | C68: -10/ZN | D68: 52 | F68: 2 | G68: BŁĄD: Słup leży w zakresie stacji 03-0664, a w zestawieniu jest w stacji 03-1233. | BŁĄD: Numer 18 występuje 3 razy w obwodzie 2.
A69: 18 | B69: P | C69: -10/ZN | D69: 28 | F69: 2
A70: 18 | B70: RPKr | C70: -10/ZN | D70: 43 | F70: 2
A71: 19 | B71: P | C71: -10/ZN | D71: 45 | F71: 2 | G71: BŁĄD: Słup leży w zakresie stacji 03-0664, a w zestawieniu jest w stacji 03-1233. | BŁĄD: Numer 19 występuje 2 razy w obwodzie 2.
A72: 19 | B72: RPK | C72: -10.5/10/E | D72: 45 | E72: 1 | F72: 2
A73: 19.1 | B73: P | C73: -10/ZN | D73: 45 | F73: 2
A74: 19.2 | B74: P | C74: -10/ZN | D74: 47 | F74: 2
A75: 19.3 | B75: P | C75: -10/ZN | D75: 46 | E75: 1 | F75: 2
A76: 19.4 | B76: K | C76: -10.5/10/E | D76: 46 | F76: 2 | G76: UWAGA: Wymiar 47 m łączy słup nr 19.4 (stacja 03-1233) ze słupem nr 8.2 (stacja 03-0496) - przęsło między stacjami, nie wliczono go do zestawienia.
A77: 20 | B77: RPK | C77: -10.5/10/E | D77: 46 | E77: 1 | F77: 2 | G77: BŁĄD: Słup leży w zakresie stacji 03-0664, a w zestawieniu jest w stacji 03-1233. | BŁĄD: Numer 20 występuje 2 razy w obwodzie 2.
A78: 20 | B78: K | C78: -10.5/10/E | D78: 41 | F78: 2
A79: 20.1 | B79: P | C79: -10/ZN | D79: 37 | F79: 2 | G79: BŁĄD: Słup leży w zakresie stacji 03-0664, a w zestawieniu jest w stacji 03-1233.
A80: 20.2 | B80: K | C80: -10.5/10/E | D80: 50 | E80: 1 | F80: 2 | G80: BŁĄD: Słup leży w zakresie stacji 03-0664, a w zestawieniu jest w stacji 03-1233.
A81: 21 | B81: RPK | C81: -10.5/10/E | D81: 49 | F81: 2 | G81: BŁĄD: Słup leży w zakresie stacji 03-0664, a w zestawieniu jest w stacji 03-1233.
A82: 21.1 | B82: K | C82: -10.5/10/E | D82: 19 | F82: 2 | G82: BŁĄD: Słup leży w zakresie stacji 03-0664, a w zestawieniu jest w stacji 03-1233.
A83: 22 | B83: P | C83: -10/ZN | D83: 31 | F83: 2 | G83: BŁĄD: Słup leży w zakresie stacji 03-0664, a w zestawieniu jest w stacji 03-1233.
A84: 23 | B84: P | C84: -10/ZN | D84: 32 | F84: 2 | G84: BŁĄD: Słup leży w zakresie stacji 03-0664, a w zestawieniu jest w stacji 03-1233.
A85: 24 | B85: P | C85: -10/ZN | D85: 25 | E85: 1 | F85: 2 | G85: BŁĄD: Słup leży w zakresie stacji 03-0664, a w zestawieniu jest w stacji 03-1233.
A86: 25 | B86: K | C86: -10.5/10/E | D86: 43 | F86: 2 | G86: BŁĄD: Słup leży w zakresie stacji 03-0664, a w zestawieniu jest w stacji 03-1233.
A87: 4.2 | B87: K | C87: -10.5/10/E | D87: 120 | F87: 3 | G87: UWAGA: Wymiar 43 m: jeden koniec nie jest zaczepiony o słup (26.4 m od najbliższego) - nie użyto go. | UWAGA: Wymiar 43 m: jeden koniec nie jest zaczepiony o słup (26.4 m od najbliższego) - nie użyto go. | BŁĄD: Nie znaleziono słupa poprzedniego (nr 4.1) - słup potraktowano jak początek obwodu. | BŁĄD: Brak wymiaru - odległość od stacji 120 m zmierzona z rysunku (dorysuj wymiar). | UWAGA: Nie rozpoznano opisu "obw. nr" dla tego obwodu - przyjęto obwód 3. | BŁĄD: Brak słupa nr 4.1 w obwodzie (luka w numeracji?) - słup połączono ze słupem nr -. | UWAGA: Bardzo długie przęsło: 120 m (więcej niż 70 m). | BŁĄD: Słup nr 4.3 leży bliżej stacji niż słup nr 4.2 - numery mogą być zamienione.
A88: 4.3 | B88: N | C88: -10.5/10/E | D88: 67 | F88: 3 | G88: UWAGA: Wymiar 6 m: jeden koniec nie jest zaczepiony o słup (5.3 m od najbliższego) - nie użyto go. | UWAGA: Wymiar 6 m: jeden koniec nie jest zaczepiony o słup (5.3 m od najbliższego) - nie użyto go. | BŁĄD: Brak wymiaru do słupa nr 4.2 - odległość 67 m zmierzona z rysunku (dorysuj wymiar).
A89: 4.4 | B89: P | C89: -10/ZN | D89: 33 | F89: 3
A90: 4.5 | B90: P | C90: -10/ZN | D90: 34 | F90: 3
A91: 4.6 | B91: K | C91: -10.5/10/E | D91: 44 | E91: 1 | F91: 3

Sheet 03-1250
A1: Nr słupa | B1: Oznaczenie | C1: Typ | D1: Odległość | E1: Mufa | F1: Obwód | G1: Kontrola
A2: 1 | B2: P | C2: -10/ZN | D2: 16 | F2: 1
A3: 2 | B3: P | C3: -10/ZN | D3: 15 | E3: 1 | F3: 1 | G3: UWAGA: Wymiar 32 m: jeden koniec nie jest zaczepiony o słup (22.1 m od najbliższego) - nie użyto go. | UWAGA: Wymiar 32 m: jeden koniec nie jest zaczepiony o słup (22.1 m od najbliższego) - nie użyto go.
A4: 1 | B4: P | C4: -10/ZN | D4: 17 | F4: 2
A5: 2 | B5: P | C5: -10/ZN | D5: 16 | F5: 2
A6: 3 | B6: RPK | C6: -10.5/10/E | D6: 33 | E6: 1 | F6: 2
A7: 3.1 | B7: N | C7: -10.5/10/E | D7: 16 | F7: 2
A8: 3.2 | B8: K | C8: -10.5/10/E | D8: 35 | F8: 2
A9: 4 | B9: P | C9: -10/ZN | D9: 173 | E9: 1 | F9: 2 | G9: UWAGA: Wymiar 26 m: jeden koniec nie jest zaczepiony o słup (23.6 m od najbliższego) - nie użyto go. | UWAGA: Wymiar 22 m: jeden koniec nie jest zaczepiony o słup (22.1 m od najbliższego) - nie użyto go. | UWAGA: Wymiar 26 m: jeden koniec nie jest zaczepiony o słup (23.6 m od najbliższego) - nie użyto go. | UWAGA: Wymiar 22 m: jeden koniec nie jest zaczepiony o słup (22.1 m od najbliższego) - nie użyto go. | BŁĄD: Brak wymiaru do słupa nr 3 - odległość 173 m zmierzona z rysunku (dorysuj wymiar). | BŁĄD: Numer 4 występuje 2 razy w obwodzie 2. | UWAGA: Bardzo długie przęsło: 173 m (więcej niż 70 m).
A10: 4 | B10: P | C10: -10/ZN | D10: 35 | F10: 2
A11: 5 | B11: N | C11: -10.5/10/E | D11: 36 | E11: 1 | F11: 2
A12: 6 | B12: P | C12: -10/ZN | D12: 244 | F12: 2 | G12: UWAGA: Wymiar 25 m: jeden koniec nie jest zaczepiony o słup (25.0 m od najbliższego) - nie użyto go. | UWAGA: Wymiar 24 m: jeden koniec nie jest zaczepiony o słup (23.6 m od najbliższego) - nie użyto go. | UWAGA: Wymiar 25 m: jeden koniec nie jest zaczepiony o słup (25.0 m od najbliższego) - nie użyto go. | UWAGA: Wymiar 24 m: jeden koniec nie jest zaczepiony o słup (23.6 m od najbliższego) - nie użyto go. | BŁĄD: Brak wymiaru do słupa nr 5 - odległość 244 m zmierzona z rysunku (dorysuj wymiar). | BŁĄD: Numer 6 występuje 2 razy w obwodzie 2. | UWAGA: Bardzo długie przęsło: 244 m (więcej niż 70 m).
A13: 6 | B13: P | C13: -10/ZN | D13: 28 | F13: 2
A14: 7 | B14: RPK | C14: -10.5/10/E | D14: 37 | E14: 1 | F14: 2
A15: 8 | B15: N | C15: -10.5/10/E | D15: 22 | F15: 2
A16: 9 | B16: N | C16: -10.5/10/E | D16: 14 | F16: 2
A17: 10 | B17: P | C17: -10/ZN | D17: 46 | F17: 2
A18: 11 | B18: K | C18: -10.5/10/E | D18: 54 | E18: 1 | F18: 2

Sheet 03-1336
A1: Nr słupa | B1: Oznaczenie | C1: Typ | D1: Odległość | E1: Mufa | F1: Obwód | G1: Kontrola
A2: 1 | B2: P | C2: -10/ZN | D2: 22 | E2: 1 | F2: 1
A3: 2 | B3: P | C3: -10/ZN | D3: 21 | F3: 1
A4: 3 | B4: K | C4: -10.5/10/E | D4: 42 | F4: 1

Sheet 03-1341
A1: Nr słupa | B1: Oznaczenie | C1: Typ | D1: Odległość | E1: Mufa | F1: Obwód | G1: Kontrola
A2: 1 | B2: P | C2: -10/ZN | D2: 12 | F2: 1 | G2: UWAGA: Wymiar 21 m: jeden koniec nie jest zaczepiony o słup (20.8 m od najbliższego) - nie użyto go. | UWAGA: Wymiar 21 m: jeden koniec nie jest zaczepiony o słup (20.8 m od najbliższego) - nie użyto go.
A3: 2 | B3: P | C3: -10/ZN | D3: 63 | E3: 1 | F3: 1 | G3: UWAGA: Wymiar 45 m: jeden koniec nie jest zaczepiony o słup (45.4 m od najbliższego) - nie użyto go. | UWAGA: Wymiar 42 m: jeden koniec nie jest zaczepiony o słup (20.8 m od najbliższego) - nie użyto go. | UWAGA: Wymiar 45 m: jeden koniec nie jest zaczepiony o słup (45.4 m od najbliższego) - nie użyto go. | UWAGA: Wymiar 42 m: jeden koniec nie jest zaczepiony o słup (20.8 m od najbliższego) - nie użyto go. | BŁĄD: Brak wymiaru do słupa nr 1 - odległość 63 m zmierzona z rysunku (dorysuj wymiar). | BŁĄD: Numer 2 występuje 2 razy w obwodzie 1.
A4: 2 | B4: N | C4: -10.5/10/E | D4: 11 | E4: 1 | F4: 1
A5: 3 | B5: N | C5: -10.5/10/E | D5: 22 | F5: 1
A6: 4 | B6: P | C6: -10/ZN | D6: 183 | F6: 1 | G6: UWAGA: Wymiar 32 m: jeden koniec nie jest zaczepiony o słup (8.0 m od najbliższego) - nie użyto go. | UWAGA: Wymiar 50 m: jeden koniec nie jest zaczepiony o słup (45.4 m od najbliższego) - nie użyto go. | UWAGA: Wymiar 32 m: jeden koniec nie jest zaczepiony o słup (8.0 m od najbliższego) - nie użyto go. | UWAGA: Wymiar 50 m: jeden koniec nie jest zaczepiony o słup (45.4 m od najbliższego) - nie użyto go. | BŁĄD: Brak wymiaru do słupa nr 3 - odległość 183 m zmierzona z rysunku (dorysuj wymiar). | BŁĄD: Numer 4 występuje 2 razy w obwodzie 1. | UWAGA: Bardzo długie przęsło: 183 m (więcej niż 70 m).
A7: 4 | B7: N | C7: -10.5/10/E | D7: 23 | F7: 1
A8: 5 | B8: P | C8: -10/ZN | D8: 40 | F8: 1
A9: 6 | B9: P | C9: -10/ZN | D9: 49 | F9: 1 | G9: BŁĄD: Numer 6 występuje 2 razy w obwodzie 1.
A10: 6 | B10: RPK | C10: -10.5/10/E | D10: 9 | E10: 1 | F10: 1 | G10: UWAGA: Wymiar 8 m: jeden koniec nie jest zaczepiony o słup (8.0 m od najbliższego) - nie użyto go. | UWAGA: Wymiar 8 m: jeden koniec nie jest zaczepiony o słup (8.0 m od najbliższego) - nie użyto go. | BŁĄD: Brak wymiaru do słupa nr 5 - odległość ustalona przez podział wymiaru 18 m ze słupem nr 6.1 (dorysuj wymiar).
A11: 6.1 | B11: K | C11: -10.5/10/E | D11: 9 | F11: 1
A12: 7 | B12: P | C12: -10/ZN | D12: 49 | F12: 1 | G12: BŁĄD: Numer 7 występuje 2 razy w obwodzie 1.
A13: 7 | B13: N | C13: -10.5/10/E | D13: 29 | E13: 1 | F13: 1
A14: 8 | B14: P | C14: -10/ZN | D14: 33 | F14: 1 | G14: BŁĄD: Numer 8 występuje 2 razy w obwodzie 1.
A15: 8 | B15: P | C15: -10/ZN | D15: 26 | F15: 1
A16: 9 | B16: K | C16: -10.5/10/E | D16: 32 | F16: 1 | G16: UWAGA: Słup końcowy (K) ma kolejny słup nr 10 - sprawdź oznaczenie lub numerację.
A17: 10 | B17: RPK | C17: -10.5/10/E | D17: 169 | F17: 1 | G17: BŁĄD: Brak wymiaru do słupa nr 9 - odległość 169 m zmierzona z rysunku (dorysuj wymiar). | UWAGA: Bardzo długie przęsło: 169 m (więcej niż 70 m).
A18: 11 | B18: P | C18: -10/ZN | D18: 44 | F18: 1
A19: 12 | B19: P | C19: -10/ZN | D19: 44 | F19: 1

Sheet 03-1439
A1: Nr słupa | B1: Oznaczenie | C1: Typ | D1: Odległość | E1: Mufa | F1: Obwód | G1: Kontrola
A2: 1 | B2: K | C2: -10.5/10/E | D2: 17 | F2: 1 | G2: BŁĄD: Słup nr 2 leży bliżej stacji niż słup nr 1 - numery mogą być zamienione.
A3: 2 | B3: N | C3: -10.5/10/E | D3: 17 | F3: 1
A4: 3 | B4: P | C4: -10/ZN | D4: 46 | F4: 1 | G4: BŁĄD: Brak wymiaru do słupa nr 2 - odległość 46 m zmierzona z rysunku (dorysuj wymiar).
A5: 3.1 | B5: P | C5: -10/ZN | D5: 14 | F5: 1
A6: 4 | B6: P | C6: -10/ZN | D6: 40 | F6: 1
A7: 5 | B7: P | C7: -10/ZN | D7: 40 | E7: 1 | F7: 1
A8: 6 | B8: P | C8: -10/ZN | D8: 35 | F8: 1
A9: 7 | B9: RPKb | C9: -10/ZN | D9: 35 | E9: 1 | F9: 1
A10: 7.1 | B10: N | C10: -10.5/10/E | D10: 8 | F10: 1
A11: 7.2 | B11: P | C11: -10/ZN | D11: 46 | F11: 1
A12: 7.3 | B12: K | C12: -10.5/10/E | D12: 45 | F12: 1
A13: 8 | B13: P | C13: -10/ZN | D13: 36 | F13: 1
A14: 9 | B14: P | C14: -10/ZN | D14: 37 | F14: 1
